{
  "name": "batalla",
  "levels": [
    {
      "name": "background",
      "description": "Part del fons",
      "layers": [
        {
          "name": "background",
          "x": 0,
          "y": 0,
          "depth": 0,
          "tilesSheetFile": "tileset_0.png",
          "tilesWidth": 16,
          "tilesHeight": 16,
          "tileMap": [
            [0, 0, 0, 0, 0, 0, 0, 0, 0, 0, 0, 0, 0, 0, 0, 0, 0, 0, 0, 0, 0, 0, 0, 0, 0, 0, 0, 0, 0, 0, 0, 0],
            [105, 106, 106, 106, 106, 106, 106, 106, 106, 106, 106, 106, 106, 106, 106, 106, 106, 106, 106, 106, 106, 106, 106, 106, 106, 106, 106, 106, 106, 106, 106, 107],
            [126, 21, 21, 21, 21, 21, 21, 21, 21, 21, 21, 21, 21, 63, 64, 21, 21, 21, 21, 21, 21, 21, 21, 21, 21, 21, 21, 21, 21, 21, 21, 128],
            [126, 127, 127, 127, 127, 127, 127, 127, 127, 127, 127, 127, 127, 84, 85, 127, 127, 127, 127, 127, 127, 127, 127, 127, 127, 127, 127, 127, 127, 127, 127, 128],
            [126, 127, 127, 127, 127, 127, 127, 127, 127, 127, 127, 127, 127, 127, 127, 127, 127, 127, 127, 127, 127, 127, 127, 127, 127, 127, 127, 127, 127, 127, 127, 128],
            [147, 127, 127, 127, 127, 127, 127, 127, 127, 127, 127, 127, 127, 127, 127, 127, 127, 127, 127, 127, 127, 127, 127, 127, 127, 127, 127, 127, 127, 127, 127, 128],
            [235, 109, 109, 109, 109, 109, 109, 109, 109, 109, 304, 127, 127, 127, 127, 127, 127, 127, 127, 127, 127, 127, 127, 127, 127, 127, 127, 127, 127, 127, 127, 128],
            [129, 130, 65, 66, 130, 130, 130, 151, 151, 151, 131, 126, 127, 127, 127, 127, 127, 127, 127, 127, 127, 127, 127, 127, 127, 127, 127, 127, 127, 127, 127, 128],
            [129, 130, 86, 87, 130, 130, 131, 301, 175, 300, 129, 126, 127, 127, 127, 127, 127, 127, 127, 127, 127, 127, 127, 127, 127, 127, 127, 127, 127, 127, 127, 128],
            [129, 130, 130, 130, 130, 130, 130, 189, 196, 197, 129, 126, 127, 127, 127, 127, 127, 127, 127, 127, 127, 127, 127, 127, 127, 127, 127, 127, 127, 127, 127, 128],
            [129, 151, 151, 130, 130, 130, 131, 189, 196, 197, 129, 147, 148, 148, 127, 127, 127, 127, 127, 127, 127, 127, 127, 127, 127, 127, 127, 127, 127, 127, 127, 128],
            [174, 175, 300, 129, 65, 151, 257, 343, 196, 197, 150, 151, 151, 326, 304, 127, 127, 127, 127, 127, 127, 127, 127, 127, 127, 127, 127, 127, 127, 127, 127, 128],
            [196, 196, 191, 150, 152, 233, 175, 196, 196, 342, 175, 175, 176, 129, 131, 127, 127, 127, 127, 127, 127, 127, 127, 127, 127, 127, 127, 127, 127, 127, 127, 128],
            [196, 196, 342, 175, 175, 89, 196, 196, 196, 196, 196, 196, 197, 129, 131, 127, 127, 127, 127, 127, 127, 127, 127, 127, 127, 127, 127, 127, 127, 127, 127, 128],
            [196, 196, 196, 67, 68, 196, 196, 196, 196, 196, 196, 196, 197, 129, 131, 127, 127, 127, 127, 127, 127, 127, 127, 127, 127, 127, 127, 127, 127, 127, 127, 128],
            [196, 196, 196, 88, 89, 196, 196, 196, 196, 196, 196, 196, 197, 129, 131, 127, 127, 127, 127, 127, 127, 127, 127, 127, 127, 127, 127, 127, 127, 127, 127, 128]
          ],
          "visible": true
        },
        {
          "name": "colisionLayer",
          "x": 0,
          "y": 0,
          "depth": 0,
          "tilesSheetFile": "tileset_0.png",
          "tilesWidth": 16,
          "tilesHeight": 16,
          "tileMap": [
            [-1, -1, -1, -1, -1, -1, -1, -1, -1, -1, -1, -1, -1, -1, -1, -1, -1, -1, -1, -1, -1, -1, 7, -1, -1, -1, -1, -1, -1, -1, -1, -1],
            [-1, 138, 139, 140, 141, 142, 143, 144, 145, 146, -1, -1, -1, -1, -1, -1, -1, -1, -1, -1, 75, 27, 28, 12, 13, 74, 75, -1, -1, -1, -1, -1],
            [-1, 159, 160, 161, 162, 163, 164, 165, 166, 167, -1, -1, -1, -1, -1, -1, -1, -1, -1, 95, 96, 116, 102, 33, 34, 95, 96, 97, -1, -1, -1, -1],
            [-1, 180, 181, 182, 183, 184, 185, 186, 187, 188, -1, -1, -1, -1, -1, -1, -1, -1, 115, 116, 116, 117, 53, 54, 55, 116, 117, 118, 119, 122, -1, -1],
            [-1, 201, 202, 203, 204, 205, 206, 207, 208, 209, -1, -1, -1, -1, -1, -1, -1, -1, -1, -1, -1, -1, -1, -1, -1, -1, -1, -1, -1, -1, -1, -1],
            [-1, -1, -1, -1, -1, -1, -1, -1, -1, -1, -1, -1, -1, -1, -1, -1, -1, -1, -1, -1, -1, -1, -1, -1, -1, -1, -1, -1, -1, -1, -1, -1],
            [-1, -1, -1, -1, -1, -1, -1, -1, -1, -1, -1, -1, -1, -1, -1, -1, -1, -1, -1, -1, -1, -1, -1, -1, -1, -1, -1, -1, -1, -1, -1, -1],
            [-1, -1, -1, -1, -1, -1, -1, -1, -1, -1, -1, -1, -1, -1, -1, -1, -1, -1, -1, -1, -1, -1, -1, -1, -1, -1, -1, -1, -1, -1, -1, -1],
            [-1, -1, -1, -1, -1, -1, -1, -1, -1, -1, -1, -1, -1, -1, -1, -1, -1, -1, -1, -1, -1, -1, -1, -1, -1, -1, -1, -1, -1, -1, -1, -1],
            [-1, -1, -1, -1, -1, -1, -1, -1, -1, -1, -1, -1, -1, -1, -1, -1, -1, -1, -1, -1, -1, -1, -1, -1, -1, -1, -1, -1, -1, -1, -1, -1],
            [-1, -1, -1, -1, -1, -1, -1, -1, -1, -1, -1, -1, -1, -1, -1, -1, -1, -1, -1, -1, -1, -1, 311, 312, 313, 314, -1, -1, -1, -1, -1, -1],
            [-1, -1, -1, -1, -1, -1, -1, -1, -1, -1, -1, -1, -1, -1, -1, -1, -1, -1, -1, -1, -1, -1, 311, 312, 311, 312, -1, -1, -1, -1, -1, -1],
            [-1, -1, -1, -1, -1, -1, -1, -1, -1, -1, -1, -1, -1, -1, -1, -1, -1, -1, -1, -1, -1, -1, -1, -1, -1, -1, -1, -1, -1, -1, -1, -1],
            [-1, -1, -1, -1, -1, -1, -1, -1, -1, -1, -1, -1, -1, -1, -1, -1, -1, -1, -1, -1, -1, -1, -1, -1, -1, -1, -1, -1, -1, -1, -1, -1],
            [-1, -1, -1, -1, -1, -1, -1, -1, -1, -1, -1, -1, -1, -1, -1, -1, -1, -1, -1, -1, -1, -1, -1, -1, -1, -1, -1, -1, -1, -1, -1, -1],
            [-1, -1, -1, -1, -1, -1, -1, -1, -1, -1, -1, -1, -1, -1, -1, -1, -1, -1, -1, -1, -1, -1, -1, -1, -1, -1, -1, -1, -1, -1, -1, -1]
          ],
          "visible": true
        }
      ],
      "zones": [
        {
          "type": "water1",
          "x": 0,
          "y": 176,
          "width": 47,
          "height": 80,
          "color": "blue"
        },
        {
          "type": "water2",
          "x": 48,
          "y": 205,
          "width": 32,
          "height": 50,
          "color": "blue"
        },
        {
          "type": "water3",
          "x": 80,
          "y": 190,
          "width": 127,
          "height": 70,
          "color": "blue"
        },
        {
          "type": "water4",
          "x": 111,
          "y": 125,
          "width": 48,
          "height": 65,
          "color": "blue"
        },
        {
          "type": "stone1",
          "x": 15,
          "y": 15,
          "width": 140,
          "height": 62,
          "color": "grey"
        },
        {
          "type": "stone2",
          "x": 290,
          "y": 50,
          "width": 76,
          "height": 13,
          "color": "grey"
        },
        {
          "type": "stone3",
          "x": 304,
          "y": 32,
          "width": 143,
          "height": 15,
          "color": "grey"
        },
        {
          "type": "stone4",
          "x": 320,
          "y": 16,
          "width": 112,
          "height": 17,
          "color": "grey"
        },
        {
          "type": "stone5",
          "x": 402,
          "y": 49,
          "width": 76,
          "height": 14,
          "color": "grey"
        },
        {
          "type": "heal",
          "x": 353,
          "y": 161,
          "width": 62,
          "height": 30,
          "color": "green"
        },
        {
          "type": "moab",
          "x": 368,
          "y": 47,
          "width": 33,
          "height": 16,
          "color": "red"
        },
        {
          "type": "stone6",
          "x": 0,
          "y": 0,
          "width": 512,
          "height": 10,
          "color": "grey"
        },
        {
          "type": "stone7",
          "x": -16,
          "y": 19,
          "width": 5,
          "height": 157,
          "color": "grey"
        },
        {
          "type": "stone8",
          "x": 508,
          "y": 19,
          "width": 4,
          "height": 237,
          "color": "grey"
        },
        {
          "type": "stone9",
          "x": 208,
          "y": 253,
          "width": 298,
          "height": 3,
          "color": "grey"
        }
      ],
      "sprites": []
    },
    {
      "name": "apocalipsis",
      "description": "post moab",
      "layers": [
        {
          "name": "background",
          "x": 0,
          "y": 0,
          "depth": 0,
          "tilesSheetFile": "tileset_0.png",
          "tilesWidth": 16,
          "tilesHeight": 16,
          "tileMap": [
            [108, 109, 109, 109, 109, 109, 109, 109, 109, 109, 109, 109, 109, 109, 109, 109, 109, 109, 109, 109, 109, 109, 109, 109, 109, 109, 109, 109, 109, 109, 109, 110],
            [129, 130, 130, 130, 130, 130, 130, 130, 130, 130, 130, 130, 130, 130, 130, 130, 130, 130, 130, 130, 130, 130, 130, 130, 130, 130, 130, 130, 130, 130, 130, 131],
            [129, 130, 130, 130, 130, 130, 130, 130, 130, 130, 130, 130, 130, 130, 130, 130, 130, 130, 130, 130, 130, 130, 130, 130, 130, 130, 130, 130, 130, 130, 130, 131],
            [129, 130, 130, 130, 130, 130, 130, 130, 130, 130, 130, 130, 130, 130, 130, 130, 130, 130, 130, 130, 130, 130, 130, 130, 130, 130, 130, 130, 130, 130, 130, 131],
            [129, 130, 130, 130, 130, 130, 130, 130, 130, 130, 130, 130, 130, 130, 130, 130, 130, 130, 130, 130, 130, 130, 130, 130, 130, 130, 130, 130, 130, 130, 130, 131],
            [129, 130, 130, 130, 130, 130, 130, 130, 130, 130, 130, 130, 130, 130, 130, 130, 130, 130, 130, 130, 130, 130, 130, 130, 130, 130, 130, 130, 130, 130, 130, 131],
            [129, 130, 130, 130, 130, 130, 130, 130, 130, 130, 130, 130, 130, 130, 130, 130, 130, 130, 130, 130, 130, 130, 130, 130, 130, 130, 130, 130, 130, 130, 130, 131],
            [129, 130, 130, 130, 130, 130, 130, 130, 130, 130, 130, 130, 130, 130, 130, 130, 130, 130, 130, 130, 130, 130, 130, 130, 130, 130, 130, 130, 130, 130, 130, 131],
            [129, 130, 130, 130, 130, 130, 130, 130, 130, 130, 130, 130, 130, 130, 130, 130, 130, 130, 130, 130, 130, 130, 130, 130, 130, 130, 130, 130, 130, 130, 130, 131],
            [129, 130, 130, 130, 130, 130, 130, 130, 130, 130, 130, 130, 130, 130, 130, 130, 130, 130, 130, 130, 130, 130, 130, 130, 130, 130, 130, 130, 130, 130, 130, 131],
            [129, 130, 130, 130, 130, 130, 130, 130, 130, 130, 130, 130, 130, 130, 130, 130, 130, 130, 130, 130, 130, 130, 130, 130, 130, 130, 130, 130, 130, 130, 130, 131],
            [129, 130, 130, 130, 130, 130, 130, 130, 130, 130, 130, 130, 130, 130, 130, 130, 130, 130, 130, 130, 130, 130, 130, 130, 130, 130, 130, 130, 130, 130, 130, 131],
            [129, 130, 130, 130, 130, 130, 130, 130, 130, 130, 130, 130, 130, 130, 130, 130, 130, 130, 130, 130, 130, 130, 130, 130, 130, 130, 130, 130, 130, 130, 130, 131],
            [129, 130, 130, 130, 130, 130, 130, 130, 130, 130, 130, 130, 130, 130, 130, 130, 130, 130, 130, 130, 130, 130, 130, 130, 130, 130, 130, 130, 130, 130, 130, 131],
            [129, 130, 130, 130, 130, 130, 130, 130, 130, 130, 130, 130, 130, 130, 130, 130, 130, 130, 130, 130, 130, 130, 130, 130, 130, 130, 130, 130, 130, 130, 130, 131],
            [150, 151, 151, 151, 151, 151, 151, 151, 151, 151, 151, 151, 151, 151, 151, 151, 151, 151, 151, 151, 151, 151, 151, 151, 151, 151, 151, 151, 151, 151, 151, 152]
          ],
          "visible": true
        },
        {
          "name": "colisionLayer",
          "x": 0,
          "y": 0,
          "depth": 0,
          "tilesSheetFile": "tileset_0.png",
          "tilesWidth": 16,
          "tilesHeight": 16,
          "tileMap": [
            [-1, -1, -1, -1, -1, -1, -1, -1, -1, -1, -1, -1, -1, -1, -1, -1, -1, -1, -1, -1, -1, -1, -1, -1, -1, -1, -1, -1, -1, -1, -1, -1],
            [-1, -1, -1, -1, -1, -1, -1, -1, -1, -1, -1, -1, -1, -1, -1, -1, -1, -1, -1, -1, -1, -1, -1, -1, -1, -1, -1, -1, -1, -1, -1, -1],
            [-1, -1, -1, -1, 306, 307, 308, 309, -1, -1, -1, -1, -1, -1, -1, -1, -1, -1, -1, -1, 349, 350, 351, 352, -1, -1, -1, -1, -1, -1, -1, -1],
            [-1, -1, -1, -1, -1, -1, -1, -1, -1, -1, -1, -1, -1, -1, -1, -1, -1, -1, -1, -1, -1, -1, -1, -1, -1, -1, -1, -1, -1, -1, -1, -1],
            [-1, -1, -1, -1, -1, -1, -1, -1, -1, -1, -1, -1, -1, -1, -1, -1, -1, -1, -1, -1, -1, -1, -1, -1, -1, -1, -1, -1, -1, -1, -1, -1],
            [-1, -1, -1, -1, -1, -1, -1, -1, -1, -1, -1, -1, -1, -1, -1, -1, -1, -1, -1, -1, -1, -1, -1, -1, -1, -1, -1, -1, -1, -1, -1, -1],
            [-1, -1, -1, -1, -1, -1, -1, -1, -1, -1, -1, -1, -1, -1, -1, -1, -1, -1, -1, -1, -1, -1, -1, -1, -1, -1, -1, -1, -1, -1, -1, -1],
            [-1, -1, -1, -1, -1, -1, -1, -1, -1, -1, -1, -1, -1, -1, -1, -1, -1, -1, -1, -1, -1, -1, -1, -1, -1, -1, -1, -1, -1, -1, -1, -1],
            [-1, -1, -1, -1, -1, -1, -1, -1, -1, -1, -1, -1, -1, -1, -1, -1, -1, -1, -1, -1, -1, -1, -1, -1, -1, -1, -1, -1, -1, -1, -1, -1],
            [-1, -1, -1, -1, -1, -1, -1, -1, -1, -1, -1, -1, -1, -1, -1, -1, -1, -1, -1, -1, -1, -1, -1, -1, -1, -1, -1, -1, -1, -1, -1, -1],
            [-1, -1, -1, -1, -1, -1, -1, -1, -1, -1, -1, -1, -1, -1, -1, -1, -1, -1, -1, -1, -1, -1, -1, -1, -1, -1, -1, -1, -1, -1, -1, -1],
            [-1, -1, -1, -1, -1, -1, -1, -1, -1, -1, -1, -1, -1, -1, -1, -1, -1, -1, -1, -1, -1, -1, -1, -1, -1, -1, -1, -1, -1, -1, -1, -1],
            [-1, -1, -1, -1, -1, -1, -1, -1, -1, -1, -1, -1, -1, -1, -1, -1, -1, -1, -1, -1, -1, -1, -1, -1, -1, -1, -1, -1, -1, -1, -1, -1],
            [-1, -1, -1, -1, -1, -1, -1, -1, -1, -1, -1, -1, -1, -1, -1, -1, -1, -1, -1, -1, -1, -1, -1, -1, -1, -1, -1, -1, -1, -1, -1, -1],
            [-1, -1, -1, -1, -1, -1, -1, -1, -1, -1, -1, -1, -1, -1, -1, -1, -1, -1, -1, -1, -1, -1, -1, -1, -1, -1, -1, -1, -1, -1, -1, -1],
            [-1, -1, -1, -1, -1, -1, -1, -1, -1, -1, -1, -1, -1, -1, -1, -1, -1, -1, -1, -1, -1, -1, -1, -1, -1, -1, -1, -1, -1, -1, -1, -1]
          ],
          "visible": true
        }
      ],
      "zones": [
        {
          "type": "stone1",
          "x": 0,
          "y": 0,
          "width": 512,
          "height": 5,
          "color": "grey"
        },
        {
          "type": "stone2",
          "x": 0,
          "y": 5,
          "width": 5,
          "height": 250,
          "color": "grey"
        },
        {
          "type": "stone3",
          "x": 507,
          "y": 5,
          "width": 5,
          "height": 250,
          "color": "grey"
        },
        {
          "type": "stone4",
          "x": 5,
          "y": 250,
          "width": 502,
          "height": 5,
          "color": "grey"
        },
        {
          "type": "stone5",
          "x": 67,
          "y": 30,
          "width": 60,
          "height": 18,
          "color": "grey"
        },
        {
          "type": "stone6",
          "x": 320,
          "y": 30,
          "width": 64,
          "height": 18,
          "color": "grey"
        }
      ],
      "sprites": []
    }
  ]
}